id,ground_truths,query,original_answers,reranked_answers
3881,"[359040, 359043, 774916, 359045, 489480, 359050, 541837, 359056, 207766, 216350, 635429, 359079, 359091, 331064, 638929, 359134, 192102, 489451, 359022, 489471]",Can you recommend a men's short with pockets and a 9-inch inseam that ships within the U.S.?,"[904433, 620990, 600886, 668974, 522277, 421301, 956987, 179529, 535693, 692651, 744340, 908982, 586138, 586159, 668956, 901787, 844242, 517995, 844244, 927340]","[517995, 927340, 901787, 844242, 844244, 904433, 620990, 600886, 522277, 956987, 668974, 179529, 692651, 586138, 744340, 421301, 535693, 908982, 586159, 668956]"
7157,"[578257, 148433, 13329, 39285, 470331, 727229, 915358, 915359]","Can you suggest an easy-to-use trap setter? I had some issues with the previous one I purchased, and now I'm looking for something simple to operate.","[148433, 711042, 13329, 879472, 666181, 189932, 729297, 273918, 705615, 705603, 642099, 252311, 705599, 881929, 190147, 39285, 727229, 578257, 598378, 470331]","[711042, 148433, 729297, 727229, 189932, 705603, 705615, 642099, 881929, 252311, 13329, 879472, 273918, 190147, 578257, 705599, 666181, 39285, 470331, 598378]"
3552,"[558437, 323278, 478487]",Are there any cycling shorts that have a D-lock loop for convenience and also feature stylish front pockets similar to everyday jeans?,"[367282, 370178, 410124, 700789, 367279, 700809, 824913, 410118, 824918, 315250, 410115, 53696, 756117, 450870, 775007, 323278, 384426, 718979, 558437, 431073]","[323278, 367282, 384426, 718979, 558437, 370178, 410124, 700789, 367279, 700809, 824913, 410118, 824918, 315250, 410115, 431073, 53696, 756117, 450870, 775007]"
2609,"[220416, 145249, 253122, 240070, 253126, 253129, 220414, 42324, 145240, 145241, 145242, 145244, 155933, 326078]","Looking for a reliable performance wristband that is favored by global athletes. Ideally, it should be from the Power Balance brand and importantly, it should include a yotta mark code for authenticity verification.","[145244, 253126, 145241, 145240, 145239, 220414, 145249, 253122, 145245, 145242, 300750, 240070, 253129, 300744, 319646, 323680, 220416, 321594, 321583, 254801]","[145244, 253126, 220414, 145249, 253122, 145242, 145241, 145240, 240070, 253129, 220416, 145239, 145245, 300750, 300744, 319646, 323680, 321594, 321583, 254801]"
873,[29331],Can you help me find a JBL manufactured spear gun shaft?,"[29331, 365719, 316640, 1627, 282574, 365722, 811589, 29315, 1612, 286153, 47234, 292442, 787825, 47230, 104862, 29318, 21999, 158026, 288341, 506933]","[29331, 365719, 316640, 282574, 365722, 1627, 811589, 292442, 29315, 47234, 787825, 1612, 286153, 47230, 104862, 29318, 21999, 158026, 288341, 506933]"
2261,[180803],Looking for an easy to store and transport UCLA tent with at least 6 feet in height clearance. Can you help?,"[845421, 813514, 69466, 126602, 924629, 465927, 881196, 765297, 727215, 480815, 742955, 818501, 521594, 411513, 561133, 180803, 542236, 381458, 96269, 306366]","[180803, 845421, 69466, 924629, 881196, 727215, 480815, 742955, 542236, 381458, 813514, 126602, 465927, 765297, 818501, 521594, 411513, 561133, 96269, 306366]"
7335,"[749276, 749350, 749279]",Looking for a women's long-sleeved NFL hoodie that is 100% cotton. Want one featuring team colors striped on the sleeves and an oversized distressed logo and team name on the chest.,"[128722, 378292, 225619, 225596, 274559, 55775, 22419, 44484, 225622, 225617, 325108, 110877, 114445, 897104, 21871, 699368, 225653, 225597, 611485, 225589]","[128722, 378292, 225619, 225596, 274559, 55775, 22419, 44484, 225622, 225617, 325108, 110877, 114445, 897104, 21871, 699368, 225653, 225597, 611485, 225589]"
4650,"[449689, 670662]",Can you suggest a sporty quartz wristwatch for men with model number AS8058TTG? I need it to come with a protection plan that can be emailed to me within 2 days.,"[449687, 449689, 449685, 357794, 328299, 328300, 28005, 935966, 902109, 395458, 195972, 87484, 225110, 291931, 87865, 61911, 178074, 533398, 19576, 178075]","[449689, 449687, 449685, 328300, 28005, 935966, 902109, 395458, 195972, 87484, 225110, 328299, 357794, 291931, 87865, 61911, 178074, 533398, 19576, 178075]"
1320,"[16145, 531908, 168773, 77670]",Can you help me find a comfortable shoulder bag with around an 8.5-inch drop and a cushioned bottom for added protection of items?,"[538722, 504897, 113876, 76957, 186765, 385991, 725752, 725754, 317893, 318300, 909070, 606096, 940916, 194786, 211951, 755357, 491172, 632681, 867436, 906480]","[504897, 113876, 186765, 725752, 317893, 606096, 211951, 909070, 491172, 755357, 318300, 940916, 632681, 867436, 906480, 538722, 76957, 385991, 725754, 194786]"
6206,[616593],Will the Player's Choice OUTDOOR Inline Skate Wheels 76MM 89a BLACK x8 W/ABEC 9 BEARINGS and Rollerblade 8mm Core axles I've added to my cart be compatible with OUTDOOR Inline Skate Wheels designed for a 608 bearing hub?,"[616587, 616602, 615405, 616003, 157470, 616593, 616588, 340873, 715205, 946295, 217938, 946300, 560028, 720554, 470444, 616584, 616597, 232979, 616583, 159310]","[616587, 615405, 616593, 616602, 616003, 157470, 616588, 946295, 715205, 217938, 946300, 560028, 616584, 340873, 720554, 470444, 616597, 232979, 616583, 159310]"
2331,"[352066, 189604, 247172, 248299, 352269, 352174, 100046, 358864, 363509, 171577, 364443, 352156]",Where can I find a high-quality Nebraska Cornhuskers Blackshirts football jersey made by Adidas?,"[724531, 254893, 247779, 385217, 346100, 492967, 583501, 334150, 427297, 393166, 84077, 555278, 857850, 680086, 547110, 189604, 100046, 175010, 347329, 355450]","[189604, 100046, 724531, 247779, 346100, 583501, 427297, 175010, 347329, 355450, 254893, 385217, 492967, 334150, 393166, 84077, 555278, 857850, 680086, 547110]"
8642,"[606337, 668323, 662154, 151503, 902522, 31579, 27324]",What's the best fishing spinning reel with smooth operation and premium performance? I recently used a very durable one on the first try. It should also be able to handle a 6 lb test reel with a 9.5 lb carp. Any suggestions?,"[730854, 55608, 938046, 608277, 657411, 746748, 746758, 616884, 178079, 719173, 746754, 255339, 613880, 907983, 928268, 902522, 111130, 902518, 894611, 675293]","[730854, 608277, 111130, 894611, 902522, 55608, 746748, 746758, 938046, 178079, 907983, 657411, 616884, 746754, 928268, 902518, 675293, 719173, 613880, 255339]"
7700,"[794147, 794132, 732476]","Is there a 1/2"" polyester rope that is tightly braided, has low stretch, and features a unique color combination, such as white with a vibrant red tracer, available?","[831077, 761581, 895383, 775527, 121009, 918734, 775518, 814467, 814471, 527366, 767276, 759260, 180234, 429998, 372455, 794147, 794132, 900118, 761616, 761583]","[831077, 121009, 527366, 759260, 794147, 895383, 761581, 775527, 918734, 775518, 814467, 814471, 767276, 794132, 180234, 429998, 900118, 761616, 761583, 372455]"
765,[18769],"Looking for a real stone stadium replica and display case that is about 5 inches wide? Prefer a highly detailed, textured finish?","[18769, 304159, 754305, 646180, 320099, 374660, 118843, 59373, 566680, 70589, 676396, 379709, 292368, 720751, 269937, 772133, 772110, 73659, 298503, 450299]","[18769, 754305, 304159, 374660, 676396, 720751, 772133, 772110, 298503, 646180, 320099, 118843, 59373, 566680, 70589, 379709, 292368, 269937, 73659, 450299]"
8525,"[342466, 382055, 734312, 769865, 212937, 124570, 663570, 853559, 889497, 464858, 930459, 877628, 900253]","Looking for a high-quality cotton flannel shirt made of thick twill weave. It would be great if it has features like underarm ventilation holes, contrasting borders, and unique buttons. Any suggestions?","[371833, 613676, 719787, 110743, 359269, 359315, 613654, 359325, 359279, 131138, 359338, 868732, 889256, 841118, 115808, 889497, 737181, 873449, 380649, 709106]","[889497, 371833, 889256, 737181, 873449, 719787, 359269, 359315, 359325, 613654, 359279, 131138, 359338, 380649, 709106, 110743, 613676, 868732, 841118, 115808]"
3809,"[351320, 56787, 303349]",Can you suggest any unique screen print designed infant onesies that offer faster delivery?,"[206358, 206367, 206362, 333621, 206359, 326680, 329208, 326705, 327670, 333625, 332565, 325956, 337392, 327713, 325959, 918913, 768208, 684752, 911231, 562762]","[918913, 684752, 206358, 206367, 768208, 206362, 333621, 206359, 326680, 329208, 326705, 327670, 333625, 332565, 325956, 337392, 327713, 325959, 911231, 562762]"
847,"[875040, 86977, 27522, 371969, 18789, 733766, 89735, 506406, 89737, 733771, 67118, 18801, 95988, 109812, 99162, 681661, 246526, 84767]",Can you recommend a highly durable shooting rest with an integrated gun vise and a modern paint finish? I'd like it to be compatible with a varmint rifle and allow for full 360-degree rotation.,"[61711, 35450, 34708, 682966, 788121, 159028, 585914, 76281, 684087, 246526, 160798, 104281, 251290, 430732, 649900, 27522, 657425, 61589, 396226, 87866]","[27522, 35450, 246526, 396226, 684087, 682966, 251290, 160798, 649900, 34708, 104281, 76281, 61589, 657425, 87866, 788121, 61711, 585914, 430732, 159028]"
5571,[549532],Looking for an affordable NHL 2007 Stanley Cup Champions sweater featuring team player names on the back. What are some good options to represent my favorite sports team?,"[247432, 238990, 238988, 238985, 289084, 88525, 330373, 188875, 88514, 330395, 330380, 354153, 88512, 196482, 182849, 238293, 932905, 943986, 665239, 171334]","[247432, 238990, 238988, 238985, 289084, 88525, 330373, 188875, 88514, 330395, 330380, 354153, 88512, 196482, 182849, 238293, 932905, 943986, 665239, 171334]"
2027,[153976],"Can I find any boys' tennis shorts made of polyester that are approximately 10x7x1.5 inches in size, suitable for an average build kid? Any suggestions?","[216127, 310763, 953689, 175271, 58652, 483582, 918514, 856424, 144026, 795802, 766107, 811972, 811979, 596841, 748019, 153976, 614315, 864258, 703179, 417569]","[153976, 216127, 614315, 864258, 310763, 175271, 766107, 58652, 483582, 856424, 703179, 144026, 953689, 918514, 811972, 811979, 596841, 795802, 748019, 417569]"
6876,"[826886, 697351, 697962, 697964, 692973, 512659, 693494, 494266, 511675, 534815]","Looking for a women's NFL Green Bay Packers t-shirt with a crew neck and 3/4 sleeves, preferably from the Victoria's Secret collection. Shipping time isn't a major concern for me.","[697351, 503112, 512659, 534815, 486837, 485541, 693494, 511679, 697973, 692973, 511675, 826886, 697964, 697962, 494266, 554780, 206359, 505667, 472998, 774463]","[693494, 697351, 512659, 534815, 503112, 692973, 511679, 511675, 486837, 485541, 697973, 826886, 697964, 697962, 494266, 554780, 206359, 505667, 472998, 774463]"
2404,"[756640, 752865, 502372, 758373, 580056, 350727, 350634, 676110, 173264, 388308, 197464, 758363, 261980]",Can you recommend a headwrap with a hook and loop fastening mechanism that's effective at preventing sweat from getting into my eyes during exercise?,"[894222, 196954, 892318, 855611, 876983, 705975, 845611, 863798, 223026, 146278, 705984, 504832, 465992, 798354, 675705, 939624, 502372, 510135, 747934, 939618]","[502372, 939624, 894222, 196954, 855611, 876983, 705975, 845611, 892318, 863798, 223026, 146278, 705984, 504832, 465992, 798354, 675705, 510135, 939618, 747934]"
2905,"[252580, 678406, 673894, 315207, 803436, 829965, 236432, 236436, 528597, 946647, 789465, 270718, 799551]",Can you recommend a high-quality carabiner clip keychain that's around 7 inches long?,"[932499, 932509, 395563, 829965, 789487, 585567, 733041, 247235, 241188, 720460, 516586, 692672, 127679, 638857, 944806, 527898, 812842, 594882, 895326, 561829]","[395563, 829965, 895326, 789487, 932499, 932509, 516586, 247235, 720460, 127679, 944806, 527898, 241188, 812842, 561829, 692672, 638857, 733041, 585567, 594882]"
3863,"[357424, 357427, 239048]","Looking for a lightweight Outerstuff brand Boston Bruins youth T-shirt from the NHL, with a shipping weight around 6.4 ounces.","[889242, 885763, 853229, 707775, 829729, 707783, 800543, 822599, 708253, 728899, 706958, 624876, 893948, 706961, 472981, 357427, 357424, 724624, 202691, 129644]","[357427, 889242, 885763, 853229, 728899, 829729, 822599, 706958, 706961, 472981, 357424, 707775, 707783, 800543, 708253, 724624, 624876, 202691, 893948, 129644]"
4651,"[329266, 449773]",What is a good Outlander internal frame camping backpack with multiple internal and external pockets for convenient access to accessories? I'm not particular about the color.,"[329266, 449773, 931220, 865946, 817764, 919120, 871306, 817774, 766080, 70317, 791297, 922844, 871298, 913320, 750327, 656785, 449242, 449770, 383870, 12358]","[329266, 449773, 871306, 791297, 931220, 871298, 817764, 766080, 913320, 656785, 449242, 865946, 70317, 449770, 919120, 922844, 817774, 750327, 383870, 12358]"
8633,"[123457, 269738, 900107, 577437, 900463, 825269, 91547, 91581]",I'm looking for a swim training snorkel that has a noticeable difference in fit with and without a swimming cap. The one I currently have always needs tape to keep it steady. Any suggestions?,"[91582, 269738, 123457, 875553, 454605, 18377, 836426, 355018, 355025, 562114, 6354, 901727, 378966, 853075, 812525, 577437, 650564, 900463, 340814, 644938]","[900463, 875553, 269738, 355025, 853075, 901727, 378966, 6354, 355018, 836426, 18377, 123457, 91582, 577437, 650564, 812525, 340814, 454605, 644938, 562114]"
8973,[944753],Can you recommend any UP100 marine hardware suitable for a 25.4mm pipe to use on my boat?,"[944753, 786549, 786551, 786527, 942455, 943404, 935189, 935204, 943444, 806306, 945521, 944845, 935827, 866910, 935669, 583919, 936234, 218010, 53596, 568509]","[944753, 943404, 943444, 945521, 944845, 786551, 786549, 786527, 942455, 935189, 935204, 806306, 935827, 583919, 568509, 936234, 866910, 218010, 935669, 53596]"
3478,"[529849, 314219, 660644]","What are some lightweight running socks suitable for a St. Patrick's Day marathon, weighing around 2.4 ounces for shipping?","[314219, 762442, 518614, 660652, 8200, 518611, 594330, 590964, 693767, 919261, 384482, 797661, 313110, 859811, 478693, 897994, 660644, 643557, 374584, 660624]","[314219, 518614, 8200, 762442, 660652, 518611, 594330, 590964, 693767, 919261, 384482, 797661, 313110, 859811, 478693, 897994, 660644, 643557, 374584, 660624]"
3370,[302282],Where can I find Beyond Yoga leggings for women?,"[827256, 494501, 826629, 565786, 826623, 716226, 577847, 411016, 53127, 187128, 699195, 577243, 741686, 302282, 187122, 861378, 405818, 667088, 759470, 512682]","[827256, 494501, 826629, 565786, 826623, 716226, 411016, 53127, 187128, 577243, 741686, 577847, 302282, 187122, 405818, 759470, 699195, 667088, 512682, 861378]"
2135,"[166137, 202061, 693009]","Can you suggest a CHAMPRO basketball rack that's easy to assemble? I already own the BSN Compact Ball Locker and the Baden Steel rack, so I'm not interested in similar items.","[202061, 166137, 693009, 337577, 175171, 175353, 270575, 334027, 260523, 515223, 202080, 31476, 581217, 465492, 202120, 138080, 116240, 905009, 653, 408577]","[202061, 166137, 693009, 175171, 270575, 31476, 202080, 581217, 202120, 116240, 905009, 337577, 175353, 334027, 260523, 515223, 465492, 653, 138080, 408577]"
291,"[240258, 8973, 71054, 573981, 34080, 43049, 553897, 338351, 299198, 26828, 4431, 50643, 40663, 600028, 861, 220774, 13034, 679028, 629, 578557]",Can you suggest a digital compass with dual alarms available on Amazon?,"[8973, 4431, 537664, 519498, 758014, 597799, 903146, 600022, 15337, 480425, 406034, 423494, 30247, 703685, 95222, 220774, 338351, 428035, 82745, 861]","[8973, 4431, 600022, 220774, 423494, 15337, 480425, 82745, 758014, 703685, 903146, 519498, 30247, 338351, 861, 597799, 537664, 406034, 95222, 428035]"
8215,"[852768, 906924, 854367]","What are some lightweight, around 7 ounces, Red Plume men's compression sports shirts suitable for various types of workouts?","[854442, 854117, 854076, 854429, 917596, 854430, 854432, 852624, 917586, 852765, 852704, 918556, 854367, 852683, 852762, 895065, 820392, 895026, 854904, 852766]","[854367, 854117, 854442, 917596, 854076, 854429, 854430, 854432, 852624, 852765, 852704, 918556, 852683, 852762, 917586, 895026, 852766, 895065, 854904, 820392]"
1570,[105121],Does Amazon have any mountain bikes available from Realm Cycles?,"[105122, 105121, 105105, 7501, 396852, 15682, 110890, 15568, 206753, 733816, 171217, 9567, 11283, 626321, 775766, 97497, 455867, 916386, 131176, 845246]","[105122, 105121, 105105, 396852, 15682, 7501, 110890, 15568, 206753, 733816, 171217, 9567, 11283, 626321, 775766, 916386, 131176, 97497, 845246, 455867]"
567,"[17572, 82119, 66159, 49463, 8154, 958]",Can you recommend a SPRI balance board suitable for physical therapy and workout routines?,"[616984, 8154, 49463, 440717, 69379, 299527, 390860, 61863, 958, 98218, 793476, 299531, 130103, 616982, 517940, 569401, 369080, 928154, 161373, 811384]","[616984, 958, 8154, 49463, 440717, 299527, 61863, 69379, 390860, 793476, 299531, 130103, 616982, 517940, 569401, 928154, 811384, 369080, 161373, 98218]"
8764,[918295],Is there a Clicks brand automatic open/close umbrella made with pongee fabric and an 8 ribs construction?,"[918295, 772833, 772829, 306390, 220776, 267832, 346574, 241407, 198004, 296985, 360011, 244160, 157553, 345418, 862086, 822208, 536524, 154772, 592059, 891601]","[918295, 536524, 822208, 772833, 772829, 306390, 220776, 267832, 346574, 241407, 198004, 296985, 360011, 244160, 157553, 345418, 862086, 154772, 592059, 891601]"
6784,"[633062, 417191, 603304, 441161, 683787, 498926, 441232, 417111]",Looking for a men's field jacket with strong elbows and adjustable cuffs. Would love if it has lots of storage like vertical zippered pockets on the chest and additional button flap pockets. Any recommendations?,"[493276, 884643, 443896, 815545, 815572, 436909, 671464, 914044, 951380, 136188, 685376, 443904, 427828, 815560, 685650, 100244, 417111, 417191, 494638, 711985]","[417111, 417191, 884643, 493276, 815545, 436909, 951380, 685650, 815572, 136188, 685376, 815560, 671464, 427828, 100244, 443896, 914044, 443904, 711985, 494638]"
711,"[12708, 449384, 773577, 575468, 449389, 825006, 579629, 568720, 623153, 14009]",Looking for a hands-free fitness watch with reliable satellite connectivity and accurate tracking for running sessions. Can you suggest one?,"[568720, 579629, 854625, 715766, 876628, 816438, 575468, 478090, 492576, 795258, 429652, 113704, 324566, 929631, 653232, 645976, 760260, 638734, 539885, 449389]","[579629, 645976, 568720, 816438, 478090, 429652, 575468, 854625, 760260, 929631, 795258, 638734, 113704, 449389, 492576, 539885, 324566, 715766, 653232, 876628]"
4957,[480456],Can you recommend a NFL Seattle Seahawks twin sheet set that matches well with my Northwest Company NFL Seahawks Curtain Panel Pair and also complements my Seattle Seahawks Full Sheet Set?,"[480456, 572067, 372985, 95758, 45146, 728714, 871517, 46008, 904390, 546800, 397435, 537192, 54425, 580972, 765012, 215244, 915666, 553578, 769376, 260114]","[480456, 215244, 553578, 769376, 572067, 260114, 372985, 95758, 45146, 728714, 871517, 46008, 904390, 546800, 397435, 537192, 54425, 580972, 765012, 915666]"
8288,[862835],"What are some recommended morale patches from Neo Tactical Gear that come with a reliable satisfaction guarantee, as I'm looking to add to my collection?","[774841, 750264, 753536, 762339, 762332, 774837, 753523, 753537, 862835, 774838, 762334, 752296, 762333, 777556, 762337, 750266, 599746, 599752, 383837, 744400]","[862835, 753536, 774838, 762332, 762337, 750264, 762339, 774841, 753537, 752296, 774837, 762334, 762333, 753523, 777556, 750266, 599746, 599752, 383837, 744400]"
4508,[435333],What are some affordable balance cap systems for a Beretta A400 Xcel that weigh around 4 ounces?,"[435333, 78917, 267392, 266840, 435335, 502929, 563045, 36655, 679874, 428918, 834946, 43942, 78868, 712063, 571852, 926103, 828033, 580809, 72982, 897256]","[435333, 828033, 926103, 267392, 266840, 435335, 502929, 563045, 36655, 679874, 428918, 78917, 43942, 78868, 712063, 571852, 897256, 834946, 580809, 72982]"
7548,[775354],Could you recommend an adjustable '47 brand cap that would fit my head size perfectly?,"[633513, 546726, 285320, 318355, 233614, 247816, 581538, 630627, 312412, 733957, 533093, 659004, 662883, 733944, 589984, 526665, 407537, 526667, 338731, 370739]","[526665, 633513, 285320, 233614, 581538, 312412, 533093, 659004, 407537, 338731, 546726, 318355, 247816, 589984, 630627, 733957, 662883, 733944, 370739, 526667]"
5166,"[709601, 642437, 392326, 359495, 551719, 451176, 502257, 957084]",What type of bow wrist sling would pair well with my Trophy Ridge Dart Stabilizer?,"[380712, 493825, 127312, 660273, 380492, 660250, 884132, 407282, 86670, 884168, 298783, 493807, 407277, 523388, 87267, 582926, 395173, 558834, 502257, 709608]","[884168, 502257, 380712, 127312, 380492, 884132, 582926, 395173, 558834, 709608, 493825, 660250, 660273, 86670, 407282, 298783, 493807, 407277, 523388, 87267]"
1742,"[122769, 137593]","What are some models of dive wrist computers with a digital scuba compass and large, clear numeric displays for primary dive information available at the authorized seller, House Of Scuba?","[936282, 56371, 518778, 874760, 101048, 523852, 293682, 538462, 842584, 21992, 868471, 474142, 22107, 22120, 695266, 122769, 560716, 240258, 104832, 470028]","[122769, 101048, 936282, 874760, 868471, 293682, 538462, 842584, 474142, 695266, 56371, 518778, 22107, 22120, 560716, 240258, 523852, 21992, 104832, 470028]"
2538,[212300],I'm in the market for a lightweight hunting knife with a blade around 2.25 inches long that's comfortable to grip. I've checked out the Suunto MC-2G In Global Compass - any recommendations for a knife that complements it well? The sheath isn't a priority for me.,"[13714, 471634, 39137, 198696, 130898, 248551, 546043, 582363, 49316, 925946, 869096, 684209, 827757, 19218, 113934, 764953, 475705, 814837, 410483, 685303]","[546043, 471634, 198696, 582363, 925946, 39137, 248551, 869096, 475705, 113934, 764953, 814837, 827757, 685303, 410483, 13714, 130898, 49316, 684209, 19218]"
788,"[425220, 840484, 580166, 328646, 579770, 81035, 328652, 312502, 115386, 21437]",I have been using a Satori SOLO Bike Bicycle Suspension Seatpost 27.2x350mm. Can you suggest a similar Comfort Suspension Seat Post?,"[330596, 693659, 421012, 651434, 421007, 913097, 913088, 651436, 586420, 216078, 760985, 651895, 670767, 421011, 421004, 579775, 886104, 579770, 580166, 128752]","[579770, 886104, 330596, 693659, 580166, 421012, 651434, 421007, 913097, 913088, 651436, 586420, 216078, 760985, 651895, 670767, 421004, 579775, 128752, 421011]"
4323,"[413890, 507917, 460630, 366623]",What's the best compact wall mount bottle opener that measures roughly 2.75 x 3.25 x 1.25 inches? I'm thinking of gifting it to a friend.,"[439176, 884623, 902852, 884622, 705171, 438051, 387876, 374892, 374875, 520439, 159535, 942531, 117148, 117153, 934985, 724770, 413890, 413891, 453688, 460630]","[413890, 413891, 460630, 439176, 902852, 705171, 159535, 942531, 117148, 453688, 884623, 438051, 387876, 117153, 374875, 884622, 724770, 520439, 934985, 374892]"
7923,"[752483, 518597, 504070, 752489, 516298, 819435, 819438, 494958, 574359, 538808, 504063]","Can you suggest any holiday ornaments featuring my favorite team's logo that can help show my team pride during the festive season? Preferably, it should be around 4.5 inches in diameter. I'd love to add more team spirit to my holiday décor.","[250191, 631850, 250157, 250184, 59306, 651596, 250198, 250160, 667825, 250168, 667689, 250159, 250212, 149981, 250178, 98778, 905887, 905910, 905859, 752487]","[98778, 905887, 905910, 905859, 752487, 250191, 631850, 250157, 250184, 651596, 250198, 250160, 59306, 667825, 250168, 667689, 250159, 250212, 149981, 250178]"
8231,"[855729, 855782]",What are the best reflective armbands made by Red Feather Sporting Goods for running visibility at any time of the day?,"[855782, 855729, 698588, 599335, 492700, 492720, 625205, 772927, 233050, 258731, 625206, 285974, 233039, 233043, 481841, 909015, 917046, 917052, 705643, 766934]","[855782, 855729, 599335, 492700, 492720, 625205, 772927, 698588, 233050, 258731, 625206, 285974, 233039, 233043, 481841, 909015, 917046, 917052, 705643, 766934]"
970,[39013],"Can anyone recommend a lightweight gear loft for camping that's easy to transport? Ideally, it should be compatible with my AGPTEK 2-in-1 18 LED Camping Fan Lantern for Outdoor and Emergencies and my Platypus Platy 2-Liter Ultralight Collapsible Water Bottle.","[39013, 736761, 723764, 851030, 829424, 833810, 291518, 254196, 8916, 204372, 150861, 418635, 736265, 545, 837626, 25510, 846545, 794330, 789565, 554681]","[39013, 723764, 736761, 837626, 25510, 851030, 833810, 291518, 254196, 204372, 150861, 829424, 418635, 8916, 736265, 846545, 794330, 789565, 554681, 545]"
8746,"[916420, 909518]",Looking for an LED camping lantern with a built-in battery that can provide high-intensity lighting for at least 2 hours. Is there one with a 3 month money back guarantee included?,"[712499, 286382, 748533, 303894, 712495, 465348, 562499, 584634, 927338, 41606, 911756, 286397, 780321, 636248, 759256, 948622, 954601, 918908, 466888, 950413]","[948622, 918908, 954601, 303894, 712499, 748533, 712495, 286397, 466888, 950413, 286382, 465348, 562499, 584634, 927338, 41606, 911756, 780321, 636248, 759256]"
8164,[847381],"Looking for a Microtech fixed blade knife with a black, serrated, partially spear-shaped blade. The blade length should ideally be around 4-7/8 inches, and it's okay if the blade is a bit on the thicker side.","[489224, 936998, 912527, 936986, 704733, 776849, 228310, 707219, 817254, 334315, 345375, 159158, 191960, 537035, 313096, 758481, 429237, 758450, 414609, 847381]","[847381, 489224, 912527, 758481, 758450, 704733, 228310, 707219, 817254, 429237, 936998, 936986, 776849, 334315, 345375, 159158, 191960, 537035, 414609, 313096]"
6953,"[161667, 631876, 605993, 441452, 791308, 815280, 702903, 95194, 673247]","Can you suggest a durable self-defense keychain made from lightweight aircraft aluminum, about 5.75 inches long and around 1.4 oz in weight?","[84163, 831370, 709315, 143713, 901477, 188037, 188047, 392178, 902680, 863666, 607746, 392180, 787901, 381411, 381433, 702903, 38339, 815280, 938684, 610306]","[702903, 815280, 84163, 709315, 901477, 188047, 902680, 38339, 938684, 610306, 831370, 143713, 188037, 863666, 607746, 392180, 392178, 787901, 381411, 381433]"
3421,[308351],"Looking for a Unique Sports hand grip strengthener suitable for regular exercises, with high functionality, regardless of the material used.","[308351, 428708, 312290, 58826, 73192, 309491, 73227, 6093, 5792, 312286, 308377, 73187, 312291, 30922, 55123, 298394, 911983, 905192, 818550, 677513]","[308351, 5792, 818550, 428708, 308377, 312290, 73227, 73192, 312291, 298394, 905192, 58826, 309491, 6093, 312286, 73187, 30922, 55123, 911983, 677513]"
8448,"[953418, 663339, 733558, 879672, 875132]",What is a popular women's headband that is frequently purchased along with the NIKE Dri-Fit Head Tie 2.0?,"[588489, 224984, 713776, 721992, 751459, 934172, 618422, 510168, 588492, 867673, 618424, 932225, 784818, 934174, 191595, 733558, 703466, 675596, 715550, 788375]","[224984, 721992, 713776, 751459, 934172, 618422, 510168, 867673, 932225, 588489, 588492, 618424, 784818, 934174, 191595, 733558, 703466, 715550, 675596, 788375]"
5389,"[573003, 956374, 529335]","Looking for a crush washer set that matches its advertised description. Ideally, I would need a set that includes two pieces each to go with my Mechforce Variable Timing Crush Washers for Muzzle Device Alignment. Any recommendations are welcomed!","[938854, 217597, 270439, 217612, 217582, 187799, 217590, 147923, 270462, 282928, 217609, 217690, 357641, 121677, 217691, 900258, 254218, 518266, 553808, 519611]","[938854, 900258, 254218, 553808, 518266, 187799, 217597, 270439, 217612, 217582, 217590, 147923, 270462, 282928, 217609, 357641, 519611, 217690, 121677, 217691]"
4799,"[422400, 80804, 2086, 463815, 135690, 248011, 463822, 248016, 355826, 105270, 68251, 26428]","Looking for a spacious SUV tent that can function as a lounge area during camping trips, and is designed for easy detachment and closure allowing for the vehicle to be driven away while leaving the tent set up. Any suggestions?","[355826, 248011, 248016, 80804, 26428, 68251, 487714, 105270, 677725, 463822, 116789, 302911, 135690, 2086, 248017, 463815, 114642, 893326, 379497, 248009]","[80804, 355826, 248016, 26428, 463822, 248011, 105270, 116789, 487714, 135690, 2086, 463815, 68251, 677725, 114642, 302911, 248017, 893326, 379497, 248009]"
5545,"[885577, 546858, 712330, 885581, 885583, 885584]",What are some high-quality ski goggles that would complement my recently purchased Dragon Alliance Goggle DX_Violet_Purple Ion?,"[249450, 546858, 219652, 846843, 885584, 885583, 885577, 712342, 712330, 885581, 885580, 398054, 712336, 409713, 798856, 326213, 885585, 231418, 131456, 279680]","[249450, 546858, 219652, 846843, 885584, 885583, 885577, 712342, 712330, 885581, 885580, 398054, 712336, 798856, 409713, 326213, 231418, 131456, 279680, 885585]"
125,[1805],Are there any high-quality blue anchor chains similar to the Greenfield 2116-R PVC Coated Anchor Chain? My last one was from Greenfield and I would like something similar.,"[1796, 1806, 1805, 148796, 133789, 1795, 1803, 1799, 1802, 133770, 32896, 57407, 109108, 133833, 133916, 43571, 35768, 134139, 506897, 295328]","[1805, 1796, 1806, 148796, 133789, 1795, 1803, 1802, 1799, 133770, 32896, 57407, 109108, 133833, 133916, 43571, 35768, 134139, 506897, 295328]"
2254,[179261],Can you recommend an easy-to-install rear roller brake that is compatible with a Nuvinci hub and typically used with a 100g pot of Shimano Roller Brake Grease?,"[92047, 435371, 92247, 168826, 92306, 733519, 129253, 423311, 747968, 125898, 598884, 722794, 283506, 875306, 529946, 179261, 56859, 283598, 778645, 168860]","[179261, 92047, 125898, 733519, 129253, 168826, 92247, 435371, 92306, 423311, 598884, 722794, 283506, 875306, 747968, 529946, 56859, 283598, 778645, 168860]"
6408,"[389129, 397860, 639782]","I'm in search of adjustable fishing pole ties that can accommodate different pole sizes. Ideally, they should also have the ability to float in the event they are dropped in water.","[628015, 791319, 873868, 937818, 630151, 791596, 655695, 185685, 431791, 627211, 486943, 817511, 931732, 75599, 389154, 639782, 62827, 2325, 918609, 158969]","[639782, 628015, 791596, 791319, 655695, 630151, 431791, 937818, 627211, 918609, 389154, 873868, 486943, 817511, 185685, 931732, 62827, 2325, 75599, 158969]"
6418,"[493376, 931362, 931363, 493380, 666725, 931365, 258628, 931369, 412525, 275758, 655087, 83184, 640723, 640724, 655092, 170489, 640730]",Looking for recommendations on a Terramar men's pullover jacket that would be ideal for layering.,"[640724, 640723, 666725, 493380, 655087, 170489, 931362, 655092, 493378, 493376, 715194, 412525, 166259, 931363, 931369, 928779, 801908, 83186, 83184, 801888]","[640724, 640723, 493380, 666725, 655087, 170489, 931362, 655092, 493378, 715194, 493376, 931363, 931369, 412525, 166259, 83186, 928779, 83184, 801908, 801888]"
514,"[7458, 7451]",What tennis string set can I try that feels like the classic synthetic gut but has new features such as enhanced stringbed responsiveness?,"[86078, 38395, 64813, 3107, 17474, 114633, 513554, 300667, 136896, 40768, 134095, 513557, 67864, 206018, 569492, 42218, 576537, 32234, 107975, 538085]","[86078, 38395, 64813, 3107, 17474, 114633, 513554, 300667, 136896, 40768, 134095, 513557, 67864, 206018, 42218, 576537, 569492, 32234, 107975, 538085]"
166,"[2418, 2420]",Can you suggest an Australian saddle with a rawhide braided horn suitable for a quarterhorse with a wider tree?,"[918321, 910689, 245065, 928050, 753987, 718210, 2418, 753986, 753983, 663443, 843173, 841774, 132819, 750065, 814516, 2420, 467988, 669264, 132350, 107888]","[2418, 2420, 918321, 910689, 245065, 753987, 753983, 843173, 841774, 132819, 750065, 928050, 718210, 753986, 663443, 814516, 467988, 669264, 132350, 107888]"
6604,"[666691, 661572, 661573, 668908, 536044, 665616, 367346, 370457]","Is there an adjustable, comfortable cotton twill cap available that commemorates the San Francisco Giants' 2014 World Series victory?","[233614, 318270, 233611, 240273, 285320, 317961, 318368, 320744, 234267, 235092, 312106, 318355, 341569, 318274, 318337, 193397, 192823, 192822, 374784, 375073]","[233614, 318270, 233611, 240273, 285320, 317961, 318368, 320744, 234267, 235092, 312106, 318355, 341569, 318274, 318337, 193397, 192823, 192822, 374784, 375073]"
3525,[320810],"Looking for large basketball crew socks similar to Nike Lebron Elite Basketball Crew Socks, suitable for someone with sensory issues. Any recommendations?","[689071, 620998, 623907, 701780, 701782, 690957, 939044, 688642, 939047, 623903, 939060, 555765, 548979, 801978, 685561, 576344, 320810, 634952, 389991, 524506]","[320810, 689071, 623903, 576344, 634952, 389991, 620998, 623907, 701780, 701782, 690957, 939044, 688642, 939047, 939060, 548979, 524506, 555765, 801978, 685561]"
1899,"[140627, 162957]","Looking for a Flair Hair novelty visor that's both hilarious and easy to maintain. It should be fun to wear at concerts and festivals, but not uncomfortable.","[714820, 162957, 714851, 714845, 383196, 411322, 714847, 660452, 199214, 140618, 140627, 162966, 660450, 705104, 612719, 433690, 115165, 883157, 379018, 714853]","[162957, 383196, 714820, 140627, 714851, 714847, 162966, 705104, 199214, 612719, 433690, 714845, 411322, 660452, 140618, 660450, 115165, 883157, 379018, 714853]"
4166,"[40897, 247073, 733573, 830343, 396109, 86830, 621263, 442702, 349843, 240052, 490036, 530813, 401759]","Can you find me a top-rated bike trailer that's easy to assemble, has a sturdy parking brake, and ideally comes with a water-resistant all-weather cover?","[600924, 776210, 467779, 139312, 802916, 61891, 352026, 399818, 329435, 873691, 407477, 157120, 100285, 100278, 100281, 349843, 262030, 448152, 115467, 697250]","[776210, 802916, 349843, 115467, 697250, 467779, 262030, 61891, 139312, 448152, 600924, 352026, 399818, 873691, 407477, 329435, 157120, 100285, 100278, 100281]"
3122,"[726218, 275938, 270314]",What other swimming goggles can I pair with my Arena Cobra Ultra Swim Goggles for indoor swimming? I need to find an alternative as the current pair isn't meeting my needs. Any recommendations?,"[726218, 275938, 679264, 270314, 519070, 295553, 846360, 189934, 474049, 490673, 385142, 14037, 594260, 577437, 775553, 726210, 492734, 333379, 186983, 201415]","[846360, 275938, 270314, 519070, 189934, 679264, 295553, 490673, 14037, 492734, 333379, 186983, 201415, 594260, 577437, 474049, 726218, 385142, 775553, 726210]"
5800,"[918459, 571879, 411466, 658611, 875640, 145657, 410941, 335805, 290687]",Looking for high-end PU material boxing gloves with a comfortable fit and excellent performance. Should they also have triple density foam for optimal shock absorption?,"[208114, 602703, 833404, 846105, 818653, 878415, 863626, 592648, 601225, 831623, 869465, 559398, 893133, 584638, 210443, 145657, 335805, 373892, 705698, 674163]","[208114, 602703, 833404, 846105, 818653, 878415, 863626, 592648, 601225, 831623, 869465, 559398, 893133, 584638, 210443, 145657, 335805, 373892, 705698, 674163]"
3211,[284728],Are there any all-mountain Blue House skis known for their exceptional turning capability?,"[284728, 443537, 460999, 708193, 903841, 450595, 467298, 817801, 633415, 546921, 943073, 822836, 487942, 342336, 493850, 656147, 281813, 650384, 280090, 719835]","[284728, 443537, 708193, 460999, 903841, 450595, 467298, 817801, 633415, 546921, 943073, 822836, 487942, 656147, 342336, 493850, 281813, 650384, 280090, 719835]"
161,"[335409, 335420, 2380, 2375]",Are there any javelins designed by elite athletes that meet the 2006 NFHS & IAAF standards?,"[25417, 17659, 45278, 17686, 564397, 263719, 24104, 27833, 564396, 23276, 554251, 531463, 852176, 253293, 30963, 335420, 5538, 2375, 294528, 80177]","[2375, 335420, 5538, 294528, 80177, 25417, 17659, 45278, 17686, 564397, 263719, 24104, 27833, 564396, 23276, 554251, 531463, 852176, 253293, 30963]"
1330,"[78628, 893510, 893515, 893488, 837273, 837279]",Is there a Health Hoop hula hoop that is suitable for both adults and children?,"[78628, 837273, 893488, 837279, 893510, 893515, 860115, 860172, 857462, 400693, 864767, 105098, 240232, 91249, 199530, 427663, 788292, 935796, 549798, 165264]","[837273, 78628, 893488, 837279, 893510, 893515, 864767, 860115, 860172, 857462, 400693, 199530, 105098, 240232, 91249, 427663, 788292, 935796, 549798, 165264]"
265,"[867744, 692071, 891659, 771019, 771023, 903889, 3961, 771034]",What's a good medium-sized camouflage rucksack suitable for hiking and camping activities?,"[814787, 756008, 533693, 609401, 519034, 932967, 657917, 701094, 477923, 692084, 644118, 440284, 849051, 565738, 748935, 852128, 654285, 942775, 3961, 565737]","[814787, 756008, 609401, 533693, 932967, 692084, 440284, 849051, 3961, 519034, 657917, 701094, 644118, 477923, 565738, 748935, 852128, 654285, 942775, 565737]"
2590,[218306],"Looking for Simms fishing shoes that are completely waterproof and suitable for party wear. They must have a bigger toe box, as I had issues with tight toe areas in the past.","[218306, 107694, 204037, 218308, 58022, 85638, 475713, 326242, 298246, 527234, 475715, 527232, 299021, 535496, 111502, 527235, 527233, 240663, 690430, 527230]","[218306, 107694, 204037, 218308, 58022, 85638, 326242, 298246, 527234, 475713, 527232, 299021, 535496, 111502, 527235, 527233, 240663, 690430, 475715, 527230]"
4664,"[159232, 451170, 791148, 498319, 512596, 451160]","Are there any easy-to-use EWG weighted fishing hooks that are suitable for both experienced and beginner anglers? Ideally, they should come in a pack of 5.","[755159, 401633, 401679, 401691, 401658, 401620, 755160, 401686, 401687, 778646, 401697, 401636, 401663, 401631, 716785, 451160, 451170, 791179, 522056, 138614]","[451160, 451170, 791179, 755159, 401633, 401679, 401691, 401658, 401620, 755160, 401686, 401687, 778646, 401697, 401636, 522056, 138614, 401663, 401631, 716785]"
2099,"[422913, 221414, 162316, 162381, 290703, 221394, 221400, 176087, 433656, 290719]","Can you help me find a retro-styled handbag with an MLB team theme, made from sporty, perforated PVC fabric?","[475532, 178186, 178134, 446418, 446477, 446419, 446449, 607404, 446424, 446453, 283750, 765163, 495077, 446461, 446420, 221400, 290719, 221394, 162381, 413015]","[221400, 290719, 221394, 162381, 413015, 178186, 178134, 446418, 446477, 446419, 446449, 475532, 607404, 446424, 446453, 283750, 765163, 495077, 446461, 446420]"
402,"[141634, 284323, 284358, 5834, 350250, 284332, 282639, 589041, 282643, 25939, 284307, 284342, 525242, 284350]",Is there a gun lubricant similar to the Slip 2000 Gun Lube 16oz. Trigger Spray that also performs well in various environments?,"[5834, 284307, 282643, 284365, 284350, 284342, 284358, 284355, 284332, 589041, 350250, 433267, 525242, 589048, 360440, 284319, 284395, 282639, 149252, 284357]","[282643, 5834, 284342, 284358, 284355, 284307, 284332, 284350, 589041, 350250, 433267, 525242, 589048, 360440, 284365, 284319, 284395, 282639, 149252, 284357]"
7366,"[753182, 753183, 753188, 286244, 666926, 743215, 743218, 743219, 743220, 743223, 688569, 688571, 688576, 688580, 688581, 847046, 690126, 690129, 837864]","Looking for customizable silicone pint glasses in multiple sizes and designs. They need to be dishwasher and microwave safe, as I am considering these as potential presents for friends.","[870143, 797679, 653330, 553980, 716207, 401415, 181713, 701610, 824646, 738973, 795986, 405339, 560811, 553975, 102032, 837864, 688580, 690129, 690126, 743223]","[743223, 837864, 688580, 690129, 690126, 870143, 797679, 653330, 553980, 716207, 401415, 181713, 701610, 824646, 738973, 795986, 405339, 560811, 553975, 102032]"
8534,"[890052, 427581, 439134]","Sure, I need a pool, billiards, and snooker cue rest set with a smooth finish to protect both cues and the table cloth. It should have a threaded end to attach to a pole. Can you recommend one?","[721351, 721355, 721350, 721356, 91042, 263695, 613706, 563163, 89080, 613896, 88880, 89415, 377090, 350814, 350781, 350347, 656170, 787406, 890052, 326160]","[890052, 656170, 721351, 721355, 721350, 721356, 91042, 263695, 613706, 563163, 613896, 88880, 89080, 377090, 350814, 350781, 350347, 787406, 326160, 89415]"
4556,"[440408, 228828, 138336]","Is there a Traser watch model that's durable, less bulky, and comes with a scratch-resistant sapphire crystal face and a minimum 3-year warranty?","[45069, 45083, 38707, 18939, 59438, 58345, 18923, 76991, 78308, 80116, 53784, 53806, 76981, 50969, 138336, 440408, 137250, 152113, 396227, 56337]","[440408, 45069, 45083, 38707, 59438, 18923, 78308, 53784, 53806, 76981, 138336, 18939, 58345, 76991, 80116, 50969, 137250, 152113, 396227, 56337]"
1846,"[148354, 144834, 143420, 134100, 134103, 148348]",Searching for an MLB team logo crystal ring set with combined width of approximately half an inch. It's important that the rings prominently feature my preferred team's logo. Can you assist?,"[596280, 606722, 241998, 314891, 83442, 248907, 840984, 422372, 612677, 560511, 75536, 418029, 738455, 738457, 410888, 144834, 148354, 148348, 134103, 134100]","[144834, 148354, 148348, 134103, 134100, 596280, 606722, 241998, 314891, 83442, 248907, 840984, 422372, 612677, 560511, 75536, 418029, 738455, 738457, 410888]"
1872,[137560],I'm looking for a new flag pole clip that's compatible with the Taylor Made Products 57926 Charlevoix Boat Flag Clip I recently purchased. Can you help me maintain order with this?,"[33591, 33596, 33648, 33606, 33604, 33625, 33628, 33624, 87428, 137560, 876079, 87779, 62921, 937986, 876076, 33631, 33635, 133975, 33581, 292413]","[33591, 33596, 33628, 33624, 937986, 62921, 33606, 33604, 33625, 87428, 137560, 33648, 87779, 876076, 33631, 876079, 33635, 133975, 33581, 292413]"
2638,"[222753, 898799]","Does Amazon carry Golf Pride's wrap style golf grips, specifically something similar to their Full Cord Grips series?","[222753, 898804, 673035, 898796, 674825, 674828, 311627, 898799, 514715, 222767, 53330, 673031, 527605, 673030, 898807, 25527, 411381, 8595, 804775, 427219]","[222753, 898804, 673035, 898796, 674825, 674828, 311627, 898799, 514715, 222767, 673031, 527605, 53330, 673030, 898807, 411381, 8595, 427219, 25527, 804775]"
8187,"[408480, 208064, 435767, 711541, 732631, 208089, 850973, 673598, 408479]","What would be a good complementary golf ball pack to gift alongside the Titleist Pro V1 2015 AAAAA Recycled Like New Golf Balls, 24-Pack, Latest Version for a golf lover?","[485791, 414337, 16244, 16236, 485912, 434878, 434852, 435767, 598149, 208064, 598107, 598145, 742874, 408479, 98684, 874078, 874080, 98756, 113585, 653228]","[16236, 16244, 434878, 434852, 485912, 742874, 408479, 598149, 208064, 598107, 598145, 435767, 98756, 874080, 113585, 653228, 485791, 98684, 414337, 874078]"
4225,"[403144, 403507]","Looking for a yarmulke featuring a team logo that is made from polyester mesh with a cotton lining. Preferably, I want one that is made in the USA. Can you assist?","[188992, 254246, 254261, 88514, 354465, 354143, 330406, 330383, 313169, 354153, 313161, 330407, 330389, 212253, 354494, 403144, 403507, 507984, 357405, 415242]","[403144, 403507, 507984, 254246, 254261, 188992, 88514, 354465, 354143, 330406, 330383, 313169, 354153, 313161, 330407, 330389, 354494, 415242, 212253, 357405]"
2154,"[169524, 287982]","Looking for a lightweight youth baseball bat, approximately 15 oz, with a handle designed for rapid swings. Color is not a factor in my search.","[196767, 39916, 64598, 64615, 44594, 64609, 40460, 12337, 269938, 192279, 341679, 250360, 54418, 10841, 27834, 344335, 509300, 86746, 452600, 509296]","[344335, 509300, 86746, 452600, 509296, 196767, 39916, 64598, 64615, 44594, 64609, 40460, 12337, 269938, 192279, 341679, 250360, 54418, 10841, 27834]"
7715,"[795984, 160586, 324805, 706464]",Looking for a realistic shrimp-mimicking fishing lure with Eagle Claw Lazer Sharp hooks. Any suggestions?,"[440658, 31177, 31130, 394382, 29823, 180444, 31288, 58576, 394256, 394194, 139495, 31215, 180541, 31283, 80400, 342878, 165758, 62342, 342869, 31300]","[440658, 31177, 31130, 394382, 29823, 180444, 31288, 58576, 394256, 394194, 139495, 31215, 180541, 31283, 80400, 342878, 165758, 62342, 342869, 31300]"
488,[7010],Is there a Star Line Baton Co. baton case that matches its advertised image and comes with an included strap so I don't have to purchase it separately?,"[7010, 315126, 215624, 215627, 301853, 7009, 7470, 301834, 301859, 6101, 301848, 6102, 716369, 602790, 16461, 16465, 191544, 152942, 287480, 460053]","[315126, 602790, 152942, 215624, 16461, 7010, 215627, 301853, 7009, 7470, 301834, 301859, 301848, 6102, 6101, 716369, 16465, 287480, 191544, 460053]"
8738,"[539808, 85857, 539812, 141030, 124057, 539837, 915551]","Can you help me find a Vortex Optics riflescope that is versatile, has high resolution, vivid color fidelity and uses extra-low dispersion glass?","[420655, 539827, 539811, 141029, 85838, 311499, 85811, 85812, 935281, 85831, 85844, 85833, 141022, 154087, 539821, 124057, 141030, 801455, 141020, 203213]","[539827, 539811, 141029, 85838, 85811, 85812, 935281, 85831, 85844, 85833, 154087, 539821, 124057, 141030, 311499, 801455, 141020, 420655, 141022, 203213]"
8928,"[160706, 938916, 686149, 736294, 713511, 292112, 112634, 573819, 590493, 596638]","Looking for a trampoline similar to the Blossomz' Skywalker Bounce-N-Learn Trampoline, that includes safety features such as rail padding and a netted enclosure, with a width of approximately 55 inches. This is meant to complement the existing trampoline that my kids really enjoy.","[838075, 697225, 283956, 283955, 283946, 786482, 857568, 590493, 718379, 884367, 112634, 292112, 53360, 573819, 736294, 422855, 329329, 668838, 691969, 668843]","[590493, 112634, 786482, 283956, 283955, 292112, 736294, 283946, 573819, 838075, 697225, 857568, 718379, 884367, 422855, 668843, 53360, 668838, 329329, 691969]"
464,[6711],"What back support belt for weightlifting is commonly bought with the Wrist Wraps + Lifting Straps Bundle and the Valeo VA4688SM Lifting Belt? It doesn't have to be top of the line, just something often paired with these products.","[954850, 767416, 6711, 872627, 123643, 569035, 954869, 719047, 818503, 418844, 569066, 861168, 686243, 889824, 369405, 518994, 710737, 820554, 432664, 762741]","[954850, 767416, 872627, 123643, 569035, 954869, 719047, 818503, 418844, 569066, 861168, 889824, 369405, 518994, 6711, 820554, 686243, 710737, 432664, 762741]"
4022,[378873],"Where can I find a martial arts medallion necklace, about 1.5 inches in diameter, suitable for daily wear? Chain length is not a concern.","[96582, 600108, 541572, 710827, 805718, 738423, 788610, 443486, 53122, 877804, 760939, 22535, 883834, 733794, 867054, 378873, 520047, 651195, 940706, 378880]","[378873, 378880, 96582, 541572, 805718, 788610, 53122, 760939, 520047, 940706, 600108, 710827, 738423, 443486, 877804, 22535, 883834, 733794, 867054, 651195]"
6973,"[507811, 705341]",What are some comfortable Champion men's athletic shorts suitable for a hot and humid climate?,"[28944, 818662, 28930, 137524, 906185, 147242, 275490, 258832, 136603, 137521, 371365, 47672, 739865, 125233, 21625, 705341, 308969, 308971, 200910, 228673]","[705341, 308969, 308971, 200910, 228673, 28944, 28930, 818662, 137524, 906185, 147242, 275490, 258832, 136603, 137521, 371365, 47672, 739865, 125233, 21625]"
518,"[142183, 932362, 740588, 520114, 595, 235699, 27221, 66579, 7511]","Can you suggest a 26-inch mountain bike with a sports saddle seat, specifically designed for women?","[490826, 665963, 665967, 520114, 147903, 66579, 66576, 244889, 490779, 608107, 665976, 15545, 15553, 639899, 411121, 375876, 15550, 884739, 7511, 279054]","[665963, 147903, 66579, 665967, 244889, 15545, 7511, 66576, 520114, 608107, 411121, 490826, 490779, 665976, 639899, 375876, 15550, 884739, 15553, 279054]"
3315,[296169],Can you help me find a Ping golf hat clip with practical ball markers?,"[511164, 296169, 354248, 524685, 673990, 511154, 231896, 301808, 518059, 620709, 413563, 518061, 518062, 353380, 692880, 315117, 312123, 441031, 205704, 540483]","[511164, 296169, 673990, 301808, 354248, 524685, 511154, 518059, 620709, 231896, 413563, 518061, 518062, 353380, 692880, 315117, 312123, 441031, 205704, 540483]"
175,"[103516, 2557]",Are there any good alternatives to the South Bend Removable Split Shot Sinker for fishing sinkers that stay in place on my line?,"[46189, 166415, 46866, 103522, 22114, 156256, 524763, 156190, 156362, 103534, 103516, 166346, 103515, 524762, 45577, 159258, 156239, 166359, 46852, 217037]","[166346, 156256, 524763, 103515, 103522, 103534, 524762, 45577, 159258, 156190, 166415, 156362, 103516, 22114, 156239, 166359, 46852, 46189, 46866, 217037]"
1949,[146147],Is Crosman a reputable brand for BB ammo that you would recommend?,"[971834, 971836, 971837, 1018626, 994948, 1020466, 963905, 986097, 979261, 960840, 1029484, 1029788, 959952, 964271, 1005781, 998441, 1016280, 971852, 1016173, 959927]","[971836, 971834, 971837, 1020466, 1029788, 971852, 986097, 964271, 1005781, 1018626, 1016280, 963905, 979261, 998441, 1016173, 1029484, 960840, 959952, 959927, 994948]"
756,[17714],Does Pro-Tec manufacture skate knee pads with a 1-year warranty that are also machine washable for easy cleaning?,"[17714, 374436, 17706, 59832, 427094, 17728, 17708, 98790, 433799, 17745, 456912, 231279, 79524, 138418, 17755, 210182, 156498, 505150, 928586, 349734]","[17714, 17706, 17708, 433799, 17745, 427094, 17728, 98790, 138418, 17755, 374436, 456912, 59832, 231279, 79524, 156498, 210182, 505150, 349734, 928586]"
3687,"[174849, 444261, 547113, 422890, 565387, 731884, 918683, 330703, 330707, 699829, 336539]","Can you recommend a versatile ASU laptop bag suitable for academics, travel, and work, with plenty of compartments for accessories?","[918683, 330707, 915197, 622510, 292537, 577299, 893870, 616502, 311139, 440853, 569431, 288354, 754756, 517069, 322055, 336539, 58612, 600121, 158106, 219170]","[336539, 918683, 330707, 915197, 622510, 616502, 58612, 600121, 292537, 311139, 440853, 569431, 288354, 517069, 219170, 893870, 754756, 322055, 158106, 577299]"
5576,"[915777, 685634, 885513, 549841, 871157, 871221, 870683, 727325]","Looking for recommendations for a slim, warm men's jacket that pairs well with my Spyder Men's Outbound Half-Zip Sweatshirt. Any suggestions?","[727132, 727374, 885512, 549841, 549840, 876200, 871242, 871221, 915777, 871157, 870683, 727168, 727325, 885513, 726773, 549859, 293193, 399144, 531954, 399114]","[727374, 549841, 885512, 549840, 871242, 871221, 915777, 871157, 870683, 727168, 727325, 727132, 885513, 876200, 549859, 726773, 399114, 399144, 293193, 531954]"
2548,"[213248, 218384, 213185, 356999]","Can you help me find a men's jacket with a unique logo at the back of the neck, set-in sleeves, and made entirely of polyester doeskin?","[406358, 482806, 328083, 351849, 166051, 482846, 420890, 757302, 515000, 242933, 764813, 847832, 330383, 402575, 213185, 533904, 744431, 471667, 591075, 821914]","[213185, 482806, 406358, 166051, 482846, 330383, 328083, 351849, 420890, 515000, 242933, 847832, 402575, 471667, 821914, 757302, 764813, 533904, 744431, 591075]"
1256,"[482441, 529514, 904654, 69913, 668475]","As a seasoned kneeboarder, I'm on the lookout for a top-notch marine kneeboard boasting a 3-inch padded Shock Strap and a parabolic design. It would be great to have a strong board equipped with retractable fins for improved agility. It would also be a plus if it included a HydroHook tow feature. Can you recommend any such product?","[69913, 54084, 54072, 529514, 377729, 105503, 649822, 459122, 696821, 423838, 315811, 482434, 360016, 283872, 205056, 860733, 482441, 279095, 62686, 882830]","[69913, 482441, 529514, 54072, 315811, 279095, 54084, 377729, 105503, 649822, 696821, 860733, 482434, 459122, 423838, 360016, 283872, 205056, 62686, 882830]"
1236,"[66848, 67297, 1987, 41765, 67166, 408145, 67218, 67092, 41749, 66648, 66846]",Can you suggest some scope rings compatible with a 7MM Leupold scope? I'm interested in something similar to the high blue-gloss finish of the Ruger 90271 Scope Mount Ring.,"[94440, 94421, 94392, 298119, 78131, 495086, 114114, 496678, 899245, 330476, 563062, 600247, 498620, 258997, 547749, 67255, 66753, 67092, 1923, 22940]","[94440, 94421, 94392, 298119, 78131, 495086, 114114, 67255, 496678, 66753, 899245, 330476, 563062, 600247, 498620, 258997, 547749, 67092, 1923, 22940]"
1944,"[280355, 145574, 880999, 368397, 280719, 432720, 568347, 289439]",Can you suggest an alkaline water cup that includes a shoulder bag and helps maintain the right body pH balance?,"[825476, 365952, 11233, 613461, 419818, 365954, 613456, 281304, 656085, 366220, 431754, 214992, 752434, 431743, 756571, 145574, 839047, 289439, 280719, 420039]","[145574, 825476, 365952, 11233, 613461, 419818, 365954, 656085, 613456, 281304, 366220, 431754, 214992, 752434, 431743, 756571, 289439, 839047, 280719, 420039]"
7778,"[802496, 418437, 778154, 696598, 676407, 902134]",Looking for similar options to the Rubbermaid 14 oz. reusable refillable water bottles in pink and green that I've loved for my hiking trips. They should be handy and come with a finger loop for easy carrying. Any recommendations for a Rubbermaid water bottle set that's suitable for hiking?,"[902134, 661575, 631259, 531146, 457817, 8464, 808843, 936448, 736128, 183090, 752927, 735254, 418155, 828281, 448469, 824993, 677671, 650596, 152444, 418437]","[902134, 661575, 631259, 531146, 457817, 8464, 808843, 936448, 736128, 183090, 752927, 735254, 418155, 828281, 448469, 824993, 677671, 650596, 152444, 418437]"
2029,"[731822, 154640, 42288, 889685, 689177]","Can you suggest a durable, premium plastic key holder that includes a keyring and comes in individual packaging?","[387757, 820366, 898443, 467622, 780686, 751532, 418781, 303822, 227358, 677966, 207204, 279241, 740568, 808821, 737835, 717605, 722760, 690289, 715567, 445844]","[387757, 751532, 898443, 303822, 677966, 820366, 467622, 227358, 279241, 740568, 207204, 808821, 418781, 737835, 717605, 722760, 780686, 690289, 715567, 445844]"
668,"[5767, 9672, 1869, 32754, 9653]",What other fishing lures are frequently viewed by customers who purchased the Rapala Ultra Lite Lure Kit?,"[323957, 760572, 153973, 2670, 269363, 268617, 276013, 139288, 362955, 75382, 5155, 350849, 606361, 606167, 606333, 362953, 361283, 3051, 252275, 361270]","[323957, 760572, 153973, 2670, 269363, 268617, 276013, 139288, 75382, 5155, 606361, 606167, 606333, 362953, 362955, 361283, 350849, 3051, 252275, 361270]"
2200,[174362],"Looking for a Tioga brand bicycle tire, can you assist?","[283492, 388791, 515927, 947750, 209911, 388796, 947758, 248859, 14423, 119531, 124060, 68757, 721187, 268277, 192854, 226108, 174366, 14481, 106835, 14554]","[283492, 388791, 515927, 947750, 209911, 388796, 947758, 248859, 14423, 119531, 124060, 68757, 721187, 268277, 192854, 174366, 14481, 106835, 14554, 226108]"
144,"[2112, 607811, 221770, 2107, 2110]",Can you suggest any golf swing trainers by ProActive Sports that are good for improving swing techniques and can be used indoors and outdoors? I've had positive past experiences with their products.,"[607811, 155671, 93438, 127559, 221770, 2110, 461353, 165314, 216451, 26128, 166269, 224115, 331437, 2107, 2112, 183819, 471009, 747406, 437171, 78560]","[607811, 221770, 2110, 461353, 2107, 2112, 166269, 155671, 224115, 93438, 127559, 331437, 183819, 165314, 216451, 26128, 747406, 437171, 78560, 471009]"
5998,"[712116, 594807]",Looking for a standout NCAA Arkansas Razorbacks Car Tag. It should have laser-cut acrylic detailing. Any suggestions?,"[492742, 457596, 842507, 411750, 391073, 316232, 828790, 283958, 110462, 543481, 409539, 591946, 334926, 437544, 476362, 439174, 577251, 600954, 594790, 712116]","[577251, 594790, 439174, 712116, 842507, 492742, 411750, 828790, 110462, 600954, 457596, 391073, 283958, 409539, 316232, 543481, 591946, 334926, 437544, 476362]"
6900,"[669632, 623499, 399467, 623504, 768529, 623505, 695926, 945463, 471070]",Are there any hoodies available where the stitching matches the color of the actual garment?,"[339122, 339159, 339173, 339204, 339240, 339146, 339087, 339111, 339231, 339258, 339248, 339216, 339213, 339264, 339265, 704400, 687521, 687512, 687517, 687523]","[339122, 339087, 339264, 339265, 339159, 339204, 339240, 339111, 339231, 339258, 339248, 339216, 339173, 339146, 339213, 704400, 687521, 687512, 687517, 687523]"
8595,"[896508, 705815]",Can you suggest any fishing flies that would pair well with the Piscifun Sword Fly Fishing Line with Welded Loop Weight Forward Floating Fly Line WF1 2 3 4 5 6 7 8 9 10wt 90 100FT for my upcoming fishing trip in August?,"[625257, 946651, 693930, 821717, 621834, 701650, 619641, 625240, 619638, 619647, 619645, 619643, 619640, 702759, 658787, 668543, 548125, 428718, 668541, 929409]","[625257, 625240, 946651, 693930, 821717, 621834, 701650, 668543, 668541, 619641, 619638, 619645, 702759, 548125, 619647, 658787, 428718, 619643, 619640, 929409]"
8169,"[819582, 848643, 819586, 848644, 848648, 848651, 848653, 848654, 865391, 819600, 848638, 848659, 819604, 848662, 848637, 880542, 819583]",Looking for a soft and breathable ballet leotard dress for a baby girl in multiple color options. Can you suggest one?,"[407657, 734668, 947283, 44615, 191125, 608525, 608551, 951731, 786827, 905914, 608535, 717084, 265397, 763767, 456729, 848662, 950501, 848653, 816636, 836424]","[848662, 848653, 816636, 407657, 734668, 44615, 191125, 951731, 836424, 608525, 608551, 786827, 947283, 905914, 608535, 717084, 265397, 456729, 950501, 763767]"
6126,"[607496, 607394, 607487, 607391]","Looking for Heckmann brand tent stakes suitable for outdoor use, specifically ones made of stainless steel for rust-resistance.","[607391, 607496, 607394, 607487, 817542, 102905, 456644, 383471, 234640, 904578, 98669, 451230, 208492, 437935, 305578, 608068, 228457, 236786, 493898, 211364]","[607394, 607391, 607496, 607487, 608068, 228457, 817542, 102905, 456644, 383471, 234640, 904578, 98669, 451230, 437935, 236786, 493898, 211364, 208492, 305578]"
1991,[149928],Looking for an athlete-specific headband made from P.R.O. Transfer Lite fabric with Minerale. Does Amazon have one with approximately 52% Minerale polyester and 48% regular polyester composition? Effective moisture management and quick drying are essential features I’m looking for.,"[769946, 674805, 478501, 558580, 594873, 762435, 217200, 112854, 110957, 217547, 120609, 680338, 815450, 201936, 211160, 149928, 287687, 616805, 122980, 209598]","[149928, 616805, 769946, 674805, 478501, 558580, 762435, 594873, 217200, 112854, 110957, 120609, 201936, 287687, 217547, 680338, 815450, 211160, 122980, 209598]"
7829,[808952],What are some good quality New Era labeled Gucci hats made from cotton?,"[641179, 126843, 890134, 369359, 126840, 514310, 460367, 499031, 612285, 909030, 306902, 640329, 358042, 127745, 352487, 808952, 803498, 802001, 931924, 37929]","[126843, 126840, 369359, 514310, 306902, 358042, 127745, 641179, 890134, 460367, 612285, 909030, 808952, 499031, 640329, 352487, 803498, 802001, 931924, 37929]"
5764,"[567458, 567464, 567465, 567482, 567435, 567433, 567479, 567438, 567442, 567443, 567444, 567446, 567447, 567512, 567449, 567450, 567452, 567454]",Do you have any recommendations for a MLB team themed lapel pin that also features Hello Kitty? I'm a big fan and thought it would make an excellent gift.,"[241998, 248907, 173323, 314891, 229177, 693407, 272563, 308857, 360133, 596280, 10789, 754186, 83442, 588780, 902395, 567482, 567454, 567433, 567512, 567435]","[567482, 567454, 567433, 567512, 567435, 241998, 248907, 173323, 314891, 229177, 693407, 272563, 308857, 360133, 596280, 10789, 754186, 83442, 588780, 902395]"
2054,"[157416, 157212]","Is there an OMP crossbow string available in varying shades of sand, sage and brown Dacron?","[157210, 157355, 157387, 157386, 615635, 157202, 114161, 482411, 714377, 640287, 946894, 946159, 332449, 866204, 762476, 368612, 157212, 425435, 157326, 368631]","[157212, 157210, 157386, 615635, 114161, 482411, 946894, 946159, 425435, 368612, 157355, 157387, 157202, 332449, 714377, 640287, 866204, 762476, 368631, 157326]"
4842,"[767424, 94917, 478598, 478599, 50310, 31688, 478602, 446539, 799914, 443738, 166766, 699855, 79303, 441618, 324598, 461754, 800827, 467391]",What's the best cover for a 3000-5000 size spinning reel?,"[208082, 686612, 180351, 795975, 784907, 794390, 498264, 840692, 323398, 824783, 812620, 192319, 484163, 423724, 609746, 467391, 478598, 79303, 478602, 478599]","[478598, 467391, 478602, 478599, 79303, 208082, 180351, 840692, 812620, 609746, 784907, 795975, 498264, 794390, 192319, 686612, 824783, 423724, 484163, 323398]"
2173,"[171426, 893547, 409738]","Looking for a 6V LED bulb for my flashlight that has a built-in reflector and various lighting modes, preferably 5. Any recommendations?","[790796, 908374, 863691, 525443, 409738, 955930, 903339, 947608, 862085, 434116, 869747, 874547, 865842, 882312, 430510, 171426, 171457, 922784, 203107, 863400]","[409738, 171426, 790796, 869747, 171457, 908374, 955930, 862085, 863691, 434116, 865842, 947608, 882312, 430510, 922784, 525443, 874547, 203107, 903339, 863400]"
8890,[934214],Looking for a cowboy-styled hat that would complement the Metalab Santa Fe Coll Flower Twist Dog Bone Pony Bit. It's for my daughter's upcoming birthday - she loves horse riding and I want to enhance her equestrian fashion.,"[362247, 131930, 586074, 586062, 913971, 934214, 934216, 170560, 934211, 425005, 570412, 934212, 543603, 57599, 701859, 794153, 682472, 465514, 420835, 808376]","[934214, 934216, 934211, 934212, 362247, 682472, 131930, 465514, 420835, 586074, 586062, 913971, 170560, 425005, 570412, 543603, 701859, 794153, 57599, 808376]"
5916,"[606768, 939277, 584543]","What are some lightweight fastpitch gloves suitable for kids and pitchers? Ideally, something that offers a good balance between softness and control with a design specifically tailored for fastpitch.","[175185, 10269, 526177, 202891, 426604, 251479, 554687, 566180, 740712, 191958, 280126, 28916, 280130, 52917, 24980, 182287, 406622, 342920, 888161, 206986]","[406622, 342920, 182287, 175185, 10269, 526177, 202891, 426604, 251479, 554687, 566180, 740712, 191958, 280126, 28916, 280130, 888161, 206986, 52917, 24980]"
1901,"[887168, 832416, 299456, 832419, 714564, 692195, 272894, 104071, 59174, 141136, 247093, 213847, 330968, 142393, 788252, 197725, 59166, 887167]",Can you recommend an overstable gummy putter that grips the chains well and stops quickly? It should also be effective for both backhand and sidearm throws.,"[330968, 313835, 246189, 330947, 368449, 851315, 804762, 540274, 702823, 364703, 725452, 906965, 369858, 251339, 52730, 60067, 197713, 844574, 241687, 197391]","[330968, 330947, 246189, 313835, 368449, 851315, 197391, 702823, 540274, 364703, 725452, 251339, 60067, 197713, 804762, 906965, 369858, 52730, 844574, 241687]"
5495,[541336],"I'm looking for deep water floats to provide more stability for my kayak. I'm considering getting the KUFA 400' ø1/4"" Non-leaded Sinking Line SL4 as well and it's important that they are compatible. I've also been browsing the KUFA 15"" Inflatable Prawn shrimp Pot Float Buoys F15Y. Do you have any other products like these that you can recommend?","[541336, 713015, 539172, 539168, 301949, 483289, 483295, 859915, 483308, 425680, 349464, 130492, 122941, 782102, 552125, 712997, 483291, 301566, 612500, 541334]","[541336, 713015, 539172, 539168, 483289, 483295, 483308, 349464, 782102, 425680, 712997, 612500, 301949, 859915, 130492, 122941, 552125, 541334, 301566, 483291]"
978,"[627778, 470876, 627785, 39766, 119736, 163450, 21436]","Looking for a dependable 700 x 19 / 23 inner tube for my road bike. Does Vittoria, or any prominent brand, offer such a product?","[627778, 627781, 627785, 119736, 108117, 24198, 531227, 543487, 152441, 21436, 124002, 82708, 204945, 531222, 318122, 301983, 875168, 941816, 249868, 443070]","[627778, 119736, 21436, 627781, 627785, 24198, 108117, 543487, 531227, 152441, 124002, 82708, 204945, 531222, 318122, 301983, 875168, 941816, 249868, 443070]"
5106,[496255],Is there any men's tank top available from Under Armour?,"[638063, 596802, 638064, 451281, 536067, 451277, 596798, 451318, 680631, 451310, 760484, 638074, 596826, 596760, 596756, 940231, 940230, 596805, 536076, 496255]","[638063, 638064, 536067, 451277, 596798, 451318, 760484, 451310, 940231, 536076, 596802, 451281, 638074, 596826, 940230, 596805, 596760, 496255, 680631, 596756]"
4722,"[456604, 456078]","Looking for a high quality batting glove with a neoprene wristband that's redesigned for comfort. It should include technology to stop the leather from bunching and offer a smooth, flexible fit. We had issues earlier with gloves being small and wearing out rapidly, so are there any high-grade alternatives available?","[790719, 177999, 3265, 756357, 3306, 312293, 817644, 930053, 56367, 519929, 930258, 347309, 816589, 906493, 938967, 626944, 626939, 478921, 626955, 626962]","[626944, 626939, 478921, 626955, 626962, 177999, 3265, 756357, 3306, 817644, 930053, 519929, 930258, 816589, 906493, 790719, 312293, 56367, 347309, 938967]"
8291,"[202369, 527293, 862982]",Can you suggest a pair of comfortable shoes that come in a standard shoe box of around 14 x 9 x 5 inches?,"[689733, 37386, 508114, 815595, 732233, 274287, 650783, 730297, 690231, 872148, 953500, 443710, 826587, 598593, 742176, 805185, 451293, 465673, 607454, 596063]","[37386, 689733, 508114, 815595, 732233, 274287, 650783, 730297, 690231, 872148, 953500, 443710, 826587, 598593, 742176, 805185, 451293, 465673, 607454, 596063]"
614,"[8904, 379990, 348496, 26734]","What's a recommended Coleman catalytic heater known for being safe, efficient and reliable, without a focus on features like adjustability or instant starting systems?","[8904, 379990, 26734, 348496, 545, 83038, 395335, 542257, 395340, 8926, 83060, 109089, 8863, 8992, 9778, 8949, 152627, 301894, 322816, 276958]","[8904, 379990, 26734, 348496, 8949, 83038, 8926, 395340, 395335, 83060, 109089, 8863, 542257, 545, 9778, 8992, 152627, 301894, 322816, 276958]"
2235,"[129643, 339379, 176820, 524222]","Can you recommend a set of long sleeve t-shirts for Chicago Bulls that provides versatility, giving three distinct style options from the combination of two shirts?","[445760, 445769, 726439, 372950, 372958, 454271, 130515, 372965, 338329, 372953, 130517, 338320, 338333, 477630, 519318, 176820, 129643, 339379, 294401, 742989]","[176820, 339379, 129643, 445760, 726439, 372950, 372958, 130515, 294401, 742989, 445769, 454271, 372965, 338329, 372953, 130517, 338320, 338333, 477630, 519318]"
8903,[935875],Can you suggest a comfortable and health-promoting bicycle back seat cushion? I've heard that those with honeycomb design surfaces are good.,"[952888, 922523, 823085, 894583, 560381, 622135, 285049, 291606, 45601, 945357, 658280, 625360, 858314, 814023, 878322, 935875, 735661, 929521, 660591, 299718]","[935875, 952888, 823085, 622135, 291606, 858314, 814023, 878322, 658280, 945357, 894583, 560381, 922523, 285049, 45601, 625360, 735661, 929521, 660591, 299718]"
3889,"[850148, 359318]","Can you find a lightweight women's v-neck tee, made mostly of cotton and rayon and having a shipping weight of approximately 5.6 ounces?","[261014, 216301, 339211, 261018, 220495, 215227, 215306, 339205, 260996, 215199, 261036, 339174, 339048, 339084, 339151, 733542, 255468, 603294, 841678, 811762]","[215227, 215306, 339084, 261014, 216301, 339211, 261018, 220495, 339205, 260996, 215199, 261036, 339174, 339048, 339151, 733542, 603294, 255468, 841678, 811762]"
8925,[938450],Where can I find durable and supportive shoelaces from HICKIES?,"[938450, 707077, 170320, 808932, 808930, 320311, 377978, 513470, 129707, 377902, 491657, 637287, 377904, 369281, 400679, 865119, 568873, 292885, 913907, 829508]","[938450, 707077, 568873, 170320, 808932, 808930, 320311, 377978, 513470, 129707, 377902, 491657, 637287, 377904, 865119, 369281, 400679, 292885, 913907, 829508]"
2241,"[650498, 54409, 622797, 178014, 59794, 111157, 214043, 54398]","Looking for Nike swimming goggles with a silicone double strap for comfort. They should ideally have wrap-around, optically polished lenses for a clear underwater view.","[892785, 722906, 575671, 562425, 38801, 195039, 601255, 81683, 519070, 375002, 161558, 901460, 570359, 874606, 382466, 178014, 178029, 929834, 137694, 777464]","[178014, 892785, 722906, 178029, 195039, 601255, 519070, 575671, 81683, 562425, 38801, 375002, 161558, 901460, 570359, 874606, 382466, 929834, 777464, 137694]"
8423,"[877356, 908686, 696911, 908752, 877362, 749300, 877333, 697016, 908734]",Where can I find a Majestic brand men's polo shirt with a perfect fit and a beautiful print design on the front?,"[294376, 302742, 302729, 308622, 294348, 883997, 294335, 884014, 69098, 884011, 697106, 393676, 908592, 148400, 285910, 162249, 623348, 401991, 393673, 302744]","[308622, 294376, 884011, 697106, 908592, 884014, 883997, 162249, 623348, 393673, 302742, 302729, 294348, 294335, 148400, 393676, 69098, 285910, 302744, 401991]"
8948,"[641730, 808322, 790472, 692840, 941866, 692849, 845938, 808893]",Looking for an authentic Adidas bucket hat made of 100% polyester. Can you help me find one?,"[492967, 346100, 366901, 393166, 254893, 84077, 555278, 385217, 680086, 427297, 533240, 724531, 334150, 857850, 627713, 941866, 692840, 808322, 692849, 668385]","[941866, 692840, 808322, 692849, 668385, 492967, 346100, 366901, 393166, 254893, 84077, 385217, 680086, 555278, 427297, 533240, 724531, 334150, 857850, 627713]"
6793,"[685207, 685208, 685209, 685211, 685212, 685214, 685215, 685216, 685217, 685218, 685220, 685221, 685222, 685223, 685226, 685227, 685228, 685229, 685232, 685233]",Looking for a Baleaf cycling jersey with UPF sun protection to shield my skin from harmful sun rays during my rides.,"[685216, 685227, 685222, 685214, 685218, 685232, 685221, 685229, 685211, 685210, 685208, 685212, 952137, 685233, 599961, 938886, 685226, 685209, 685220, 916809]","[952137, 685216, 685227, 685222, 685218, 685214, 685232, 685221, 685211, 685212, 685233, 685226, 685209, 685229, 685210, 685220, 685208, 938886, 599961, 916809]"
1279,[72897],Could you recommend a bamboo longboard skateboard from Blank Skateboards?,"[72897, 77237, 72882, 298464, 729312, 601662, 704640, 640967, 631326, 672468, 702994, 631323, 733392, 729300, 729298, 543467, 543469, 874575, 417336, 162023]","[72897, 77237, 543467, 72882, 298464, 874575, 704640, 640967, 543469, 417336, 162023, 729312, 601662, 631326, 672468, 702994, 631323, 733392, 729300, 729298]"
4646,"[465280, 229185, 698722, 57121, 454372, 83591, 449001, 121097, 133808, 354931, 497077, 237080, 586265]","Looking for a premium leather gun holster that offers a snug fit, comfort for carrying, and is often viewed alongside the Holster with Magazine Pouch Fits Bersa Thunder 380 & Concealed Carry?","[449001, 489146, 133808, 497077, 698722, 237080, 121097, 531583, 908277, 185927, 120398, 486669, 486670, 641047, 940058, 72326, 331107, 473759, 450397, 429047]","[449001, 133808, 237080, 121097, 698722, 497077, 489146, 531583, 940058, 473759, 185927, 120398, 450397, 486669, 486670, 641047, 908277, 72326, 331107, 429047]"
2061,"[279684, 577031, 586408, 817805, 399153, 158034, 247544, 310909, 110623]",Can you suggest some high-quality badminton racquets with a BOX frame design?,"[399153, 158034, 32576, 536143, 473116, 693392, 29006, 569245, 633573, 246029, 177722, 817805, 738911, 817810, 835095, 485445, 823535, 823540, 598864, 384455]","[399153, 158034, 32576, 536143, 473116, 693392, 29006, 569245, 633573, 246029, 177722, 817805, 738911, 817810, 835095, 485445, 823535, 823540, 598864, 384455]"
5623,[554494],"What's the best summer hoof gel that dries quickly and doesn't attract dirt? I typically pair this with Effol Winter Hoof Gel, so any similar recommendations would be appreciated.","[554491, 554494, 547900, 551052, 24566, 916581, 24406, 271737, 80220, 195220, 624935, 624351, 389491, 44008, 554487, 880550, 624361, 118925, 523807, 554486]","[554494, 551052, 547900, 916581, 271737, 554491, 24566, 195220, 44008, 554487, 80220, 624351, 389491, 24406, 880550, 624935, 624361, 118925, 523807, 554486]"
6295,"[389824, 845507, 627620, 619109, 744134, 944202, 840330, 354126, 470255, 619729, 470257, 625619, 462578, 405338, 757948, 493181]","I'm looking for a bike frame pannier bag that comes with a headphone jack. My needs include it being able to securely hold my phone while also providing room for other items like wallet and keys. Size-wise, I'm aiming for something around 19.5 * 10 * 9cm. Ideally, the bag should have a sizable opening to ensure there's no hassle inserting and removing items, even when there's a headphone plugged in. Can you help me find such a product?","[730548, 746255, 497812, 828163, 151563, 722238, 840667, 760126, 14941, 769074, 598725, 623000, 761888, 454007, 746253, 584416, 725656, 397884, 448732, 902059]","[902059, 730548, 448732, 397884, 584416, 725656, 497812, 840667, 151563, 746255, 828163, 760126, 722238, 14941, 769074, 761888, 598725, 623000, 454007, 746253]"
2288,[184351],What are some wireless optical mouse options from Tribeca?,"[184344, 184294, 184337, 184351, 184304, 184325, 184327, 184330, 184341, 184323, 184446, 184308, 184302, 184312, 184305, 248142, 241668, 212872, 248141, 224098]","[184344, 184294, 184337, 184351, 184304, 184325, 184327, 184330, 184341, 184323, 184446, 184308, 184302, 184312, 184305, 248142, 241668, 248141, 224098, 212872]"
6528,[653408],Does Amazon have any Green Bay brand light-up ornaments in stock?,"[653408, 906128, 268670, 668365, 29144, 208976, 830371, 97221, 180985, 91236, 722648, 909818, 501278, 141674, 722009, 372853, 721118, 125299, 658642, 356222]","[653408, 906128, 268670, 29144, 180985, 668365, 830371, 97221, 91236, 722648, 909818, 501278, 141674, 208976, 722009, 372853, 721118, 658642, 356222, 125299]"
1671,"[115553, 115546, 187135]","I'm on the hunt for a portable travel spinning rod ideal for air travel. I've had positive experiences with the Okuma Nomad Inshore Saltwater Multi Action Travel Rods-NTi-S-703ML-M (Blue/Black, 7-Feet) and Okuma NOMAD Travel Casting Rod (15-40 Lbs, 7-Feet, Medium-Light), which I found perfect for my travels. I'm also interested in finding something similar to the DAIWA TRIPLE B B.B.B 666TLFS by Daiwa spinning rod.","[57472, 1208, 55261, 139287, 170829, 170823, 149465, 50310, 170832, 643958, 555219, 5121, 139098, 166664, 452912, 207728, 187135, 187138, 239620, 115546]","[187138, 239620, 115546, 187135, 207728, 57472, 1208, 55261, 170829, 170823, 149465, 170832, 555219, 643958, 5121, 139287, 50310, 139098, 166664, 452912]"
597,"[764641, 47176, 318664, 29965, 8526, 314063, 549722, 8571, 764636, 764635]",What are some recommended Glock shooting sports caps with adjustable straps suitable for larger head sizes?,"[764635, 764638, 817965, 314063, 8526, 764641, 764636, 8571, 47176, 549722, 554742, 29965, 219542, 549713, 617464, 549718, 318664, 224535, 826098, 826103]","[764641, 8526, 817965, 764635, 764638, 314063, 764636, 8571, 47176, 549722, 554742, 29965, 219542, 549713, 617464, 549718, 318664, 224535, 826098, 826103]"
5716,"[562121, 511658, 486734, 699662, 111377, 754449, 857939, 818201, 424157]",Are there any metal hangers suitable for hanging clay pigeons during shooting practice that are compatible with a TyCa Industries target stand?,"[735581, 735549, 735544, 735559, 942541, 692901, 755056, 945747, 699662, 700187, 713707, 692882, 755052, 755058, 753479, 737922, 737937, 562121, 447217, 861050]","[737922, 737937, 735581, 735559, 699662, 735549, 713707, 755056, 755052, 562121, 692901, 700187, 753479, 447217, 861050, 945747, 735544, 692882, 942541, 755058]"
572,[8203],"Is there a well-constructed leather sheath with durable stitching available for my Woodman's Pal 284? Ideally, it would come with a matching concave axe blade for chopping wood.","[270768, 165303, 419442, 387408, 938893, 847535, 717393, 883435, 50920, 731462, 883043, 306243, 50914, 787306, 188844, 135737, 8202, 8203, 380720, 352786]","[135737, 8203, 352786, 270768, 165303, 419442, 387408, 50920, 50914, 787306, 883435, 731462, 306243, 188844, 883043, 847535, 380720, 938893, 8202, 717393]"
8970,"[792003, 201405, 944520, 944521, 242410, 683531, 335500, 460718, 772785, 602194, 599794, 298227, 944533, 335829, 298231, 243576, 456728, 519773]","Are there any hiking pants primarily made of nylon mixed with a bit of elastane? I'm in search of pairs that are not only lightweight and comfortable but are also equipped with advanced repellency technologies such as Omni-Shield. My main focus is not on the fit, but rather on the materials and features that cater to my needs.","[600723, 896283, 872842, 171831, 896281, 298597, 174126, 335500, 242378, 299005, 75458, 297994, 850330, 777606, 557917, 110900, 575839, 110871, 60952, 336307]","[896283, 872842, 896281, 298597, 600723, 171831, 174126, 242378, 299005, 777606, 335500, 297994, 850330, 75458, 557917, 110900, 575839, 110871, 60952, 336307]"
2044,"[156384, 735842, 15496, 170157, 156240, 156305]",Can you suggest a durable Berkley brand boat spinning rod made from solid glass blanks?,"[668320, 668328, 303729, 15511, 668327, 15492, 303737, 156384, 15499, 156305, 142850, 351918, 15490, 784441, 299984, 278536, 437399, 646284, 180224, 478362]","[156384, 156305, 668320, 668328, 668327, 303729, 303737, 15499, 142850, 351918, 15490, 15511, 15492, 784441, 299984, 278536, 437399, 646284, 180224, 478362]"
2746,"[235137, 260997, 235177, 237067, 239981, 239927, 221626, 239996]","Are there any fun wristbands available that reflect my love for riding, specifically with a knobby or sand paddle tire design? It would be cool if it could also make a 'BRAAWAP!!' sound. Any recommendations?","[221626, 260997, 235177, 235137, 547030, 221659, 216103, 367620, 382394, 669440, 373020, 382391, 232913, 525392, 382392, 237067, 239927, 239996, 239981, 211725]","[239927, 260997, 235177, 239996, 239981, 221626, 235137, 237067, 211725, 547030, 221659, 216103, 367620, 382394, 669440, 373020, 382391, 232913, 525392, 382392]"
3214,[284916],"I'm in search of a classy hunting knife that's roughly 13.5 inches in length. I've previously purchased and enjoyed the Best.Buy.Damascus1 Red Wood 12"" Fixed Blade Custom 440c Stainless Steel Hunting Knife. Any recommendations for a similar style or something that would pair well with this knife would be appreciated.","[949228, 842657, 894954, 853118, 931814, 932884, 930246, 930217, 748265, 949227, 782670, 919082, 830725, 837077, 932994, 342853, 445298, 766278, 353422, 324498]","[949228, 842657, 894954, 853118, 931814, 932884, 930246, 930217, 919082, 445298, 949227, 782670, 830725, 837077, 748265, 932994, 342853, 766278, 353422, 324498]"
7375,"[753920, 426688]",What are some recommended aminco branded lanyard key chains?,"[192924, 522502, 369056, 344824, 49928, 274428, 200349, 369041, 708753, 529698, 369049, 373670, 369042, 356816, 503578, 503593, 837276, 172654, 716975, 279226]","[369056, 192924, 522502, 49928, 373670, 200349, 344824, 274428, 369041, 529698, 369049, 369042, 503593, 356816, 708753, 503578, 172654, 716975, 279226, 837276]"
3523,"[723168, 241504, 334950, 358280, 249003, 926971, 612048, 607537, 607538, 45267, 607548, 324315, 223292, 320510]",Looking for a Michigan Wolverines t-shirt with a comfortable rib-knit collar and a screen printed graphic. Any suggestions for ones that are also soft to the touch?,"[701191, 701248, 701379, 820443, 894022, 893997, 569928, 358286, 723626, 234641, 946443, 593210, 455325, 125832, 483543, 510395, 607514, 506370, 506895, 584684]","[701248, 607514, 506370, 701191, 506895, 701379, 510395, 584684, 820443, 894022, 893997, 569928, 358286, 723626, 234641, 946443, 593210, 455325, 125832, 483543]"
8198,"[245504, 852419, 914917, 394890, 900748, 838254, 270354, 637043, 440146, 858613, 900085, 949938, 637050, 129180]",Looking for a gun and cell phone holster that is safer and more convenient than carrying a pistol in a pocket. I currently have a brown Roma Leather Belt Pistol Concealed Carry Pack and need a product that works well with it. Any suggestions?,"[660582, 637043, 418339, 245504, 939385, 891990, 852379, 584071, 270354, 900085, 637050, 852419, 927076, 221009, 873218, 746889, 858613, 838254, 746497, 746472]","[637043, 900085, 245504, 637050, 852379, 852419, 270354, 927076, 873218, 858613, 891990, 660582, 584071, 221009, 838254, 418339, 939385, 746889, 746497, 746472]"
4505,"[434770, 250374]","Do you carry the DT Swiss replacement hub axle that is compatible with a DT Swiss 350 non-boost hub? I'm also thinking of pairing it with a DT Swiss Mountain Freehub Body. In addition, I'm considering purchasing DT Swiss 240S Conversion End Caps. Are these items a good fit together?","[954161, 853158, 434770, 607654, 684297, 250374, 896054, 573130, 686310, 92070, 882973, 106539, 954181, 389843, 81197, 81302, 349965, 375545, 283615, 366675]","[434770, 954161, 250374, 573130, 853158, 607654, 684297, 896054, 92070, 686310, 882973, 106539, 954181, 389843, 81197, 81302, 349965, 375545, 283615, 366675]"
8050,[833646],"Is there a pair of Under Armour adult batting gloves with a unique Striker Camo design? I currently own an Under Armour UA Motive Neon Yellow in X-Large, and I'm keen on matching it with gloves from the same brand.","[833643, 833646, 531033, 687184, 833650, 687190, 666748, 682415, 152003, 159790, 660264, 657018, 858624, 682417, 686226, 430062, 338434, 691318, 666734, 845379]","[833643, 833646, 833650, 687184, 687190, 682415, 152003, 531033, 159790, 657018, 660264, 858624, 682417, 686226, 430062, 338434, 691318, 666748, 666734, 845379]"
2614,"[220628, 235047]",What sports team logo pillowcases would pair well with a recently purchased NCAA Georgia Bulldogs Micro Fiber Pillow Case? It should be soft and ideal for sprucing up a boy's room. Any recommendations?,"[27445, 25030, 566148, 49084, 25417, 111285, 274304, 261557, 45304, 47252, 891702, 47260, 45321, 130294, 77175, 22232, 220657, 420695, 287209, 101763]","[420695, 22232, 220657, 287209, 101763, 27445, 25030, 566148, 49084, 25417, 111285, 274304, 261557, 45304, 47252, 891702, 47260, 45321, 130294, 77175]"
8468,[882870],Looking for Zhun Gao outdoor climbing carabiners set with versatile functionality to be used as a handle or hanger. Need to ensure it's a set and not a single piece.,"[882870, 872890, 603936, 762352, 762378, 732714, 616239, 707086, 616241, 927754, 840677, 901937, 875758, 199211, 940965, 761855, 844316, 770256, 844876, 522964]","[882870, 872890, 762378, 770256, 762352, 732714, 616241, 844876, 603936, 616239, 707086, 875758, 927754, 840677, 901937, 761855, 522964, 199211, 940965, 844316]"
3229,"[898208, 17636, 727812, 14276, 21253, 103493, 849737, 523306, 77582, 675216, 45201, 286482, 626771, 864466, 732498, 909428, 744049, 18969]","Looking for a high-quality, easy to assemble sword stand about 14 inches in height and 3 inches wide. Not interested in low-quality or inexpensive options.","[88272, 84305, 21383, 21253, 279969, 103168, 108490, 416871, 735597, 365978, 85328, 91110, 415825, 196589, 514920, 539954, 396964, 119789, 21235, 205694]","[279969, 84305, 21253, 539954, 416871, 91110, 108490, 196589, 85328, 103168, 415825, 396964, 21235, 205694, 21383, 88272, 735597, 365978, 119789, 514920]"
3382,[303115],"Is the NFL Men's New England Patriots Wes Welker #83 2011 Super Bowl XLVI Participant Jersey constructed with high standards and does it have a true to size fit? Also, are its dimensions roughly around 10 x 5 x 5 inches?","[877441, 705909, 55708, 206489, 117323, 4676, 225610, 351378, 401385, 14045, 225617, 386949, 225557, 387356, 363861, 303115, 354770, 117330, 117304, 303117]","[303115, 705909, 55708, 206489, 117323, 4676, 877441, 225610, 351378, 401385, 14045, 225617, 386949, 225557, 387356, 354770, 363861, 117330, 117304, 303117]"
1336,"[79408, 604497, 103946, 183102]","Is there a sturdy, flat Nalgene flask that can easily fit in a bag or backpack?","[79408, 604497, 103946, 103862, 53262, 104041, 120439, 124050, 73019, 598189, 104084, 191707, 808978, 539622, 64598, 838294, 98385, 655185, 701824, 876313]","[604497, 103946, 79408, 103862, 53262, 104041, 120439, 73019, 598189, 104084, 124050, 191707, 808978, 539622, 64598, 98385, 838294, 655185, 701824, 876313]"
4447,[428457],What is a highly recommended daypack that is frequently purchased with the Condor Recon Chest Rig?,"[419350, 292003, 366005, 399426, 334114, 428457, 544322, 292799, 198984, 544321, 147123, 752331, 754364, 285026, 925812, 644190, 333960, 288016, 297608, 671276]","[428457, 754364, 399426, 334114, 198984, 544321, 752331, 285026, 925812, 292799, 288016, 419350, 292003, 544322, 333960, 366005, 147123, 297608, 644190, 671276]"
4491,[433519],Can I find the AYURVITAL FITNESS STEP AEROBIC III aerobic fitness step? I have a specific preference for this make.,"[433519, 717918, 851664, 760708, 807962, 259792, 718880, 543343, 877095, 147207, 654292, 355594, 56808, 58694, 27657, 643603, 634480, 663129, 818842, 373137]","[433519, 717918, 851664, 760708, 807962, 259792, 718880, 543343, 877095, 147207, 654292, 355594, 56808, 58694, 27657, 643603, 634480, 663129, 818842, 373137]"
7362,"[752866, 269084]",Can I find an affordable Mauser C96 Broomhandle Pistol Leather Holster that includes a compartment for the cleaning rod and offers effective protection for my valuable firearms?,"[788161, 815419, 797364, 795948, 807712, 798459, 796773, 796798, 796812, 808355, 796063, 807681, 796815, 807667, 798852, 752866, 945583, 752546, 654694, 435992]","[752866, 788161, 945583, 752546, 654694, 815419, 797364, 795948, 807712, 798459, 796773, 796798, 796812, 808355, 796063, 807681, 796815, 807667, 798852, 435992]"
